<?xml version="1.0" encoding="UTF-8"?>
<project-private xmlns="http://www.netbeans.org/ns/project-private/1">
    <editor-bookmarks xmlns="http://www.netbeans.org/ns/editor-bookmarks/2" lastBookmarkId="0"/>
    <open-files xmlns="http://www.netbeans.org/ns/projectui-open-files/2">
        <group>
            <file>file:/C:/xampp/htdocs/Menuiz_Ecommerce/layout/top.php</file>
            <file>file:/C:/xampp/htdocs/Menuiz_Ecommerce/layout/bottom.php</file>
            <file>file:/C:/xampp/htdocs/Menuiz_Ecommerce/layout/menu-categorie.php</file>
            <file>file:/C:/xampp/htdocs/Menuiz_Ecommerce/produit-single.php</file>
            <file>file:/C:/xampp/htdocs/Menuiz_Ecommerce/admin/categorie-edit.php</file>
            <file>file:/C:/xampp/htdocs/Menuiz_Ecommerce/admin/categories.php</file>
            <file>file:/C:/xampp/htdocs/Menuiz_Ecommerce/admin/categorie-delete.php</file>
            <file>file:/C:/xampp/htdocs/Menuiz_Ecommerce/Include/init.php</file>
            <file>file:/C:/xampp/htdocs/Menuiz_Ecommerce/admin/produit-edit.php</file>
            <file>file:/C:/xampp/htdocs/Menuiz_Ecommerce/Include/cnx.php</file>
            <file>file:/C:/xampp/htdocs/Menuiz_Ecommerce/admin/produit-delete.php</file>
            <file>file:/C:/xampp/htdocs/Menuiz_Ecommerce/inscription.php</file>
            <file>file:/C:/xampp/htdocs/Menuiz_Ecommerce/index.php</file>
            <file>file:/C:/xampp/htdocs/Menuiz_Ecommerce/admin/produits.php</file>
            <file>file:/C:/xampp/htdocs/Menuiz_Ecommerce/admin/commande.php</file>
            <file>file:/C:/xampp/htdocs/Menuiz_Ecommerce/categorie.php</file>
            <file>file:/C:/xampp/htdocs/Menuiz_Ecommerce/panier.php</file>
            <file>file:/C:/xampp/htdocs/Menuiz_Ecommerce/Include/fonctions.php</file>
            <file>file:/C:/xampp/htdocs/Menuiz_Ecommerce/admin/produit-edit2.php</file>
        </group>
    </open-files>
</project-private>
